<?xml version="1.0"?>
<!--<!DOCTYPE metadata SYSTEM "http://www.esri.com/metadata/esriprof80.dtd">-->
<metadata xml:lang="en"><Esri><CreaDate>20120926</CreaDate><CreaTime>15351900</CreaTime><SyncOnce>FALSE</SyncOnce><DataProperties><lineage><Process Name="Merge_1" ToolSource="C:\Program Files\ArcGIS\ArcToolbox\Toolboxes\Data Management Tools.tbx\Merge" Date="20061218" Time="151358">Merge S:\PA_VA_Data\Digitize\1861TIGER\TIGERedits.shp;S:\PA_VA_Data\Digitize\1861TIGER\add2.shp S:\PA_VA_Data\Digitize\1861TIGER\TIGERedits2.shp "FNODE_ FNODE_ true false false 9 Long 0 9 ,First,#,S:\PA_VA_Data\Digitize\1861TIGER\TIGERedits.shp,FNODE_,-1,-1;TNODE_ TNODE_ true false false 9 Long 0 9 ,First,#,S:\PA_VA_Data\Digitize\1861TIGER\TIGERedits.shp,TNODE_,-1,-1;LENGTH LENGTH true false false 19 Double 11 18 ,First,#,S:\PA_VA_Data\Digitize\1861TIGER\TIGERedits.shp,LENGTH,-1,-1,S:\PA_VA_Data\Digitize\1861TIGER\add2.shp,LENGTH,-1,-1;RAILRDL020 RAILRDL020 true false false 9 Long 0 9 ,First,#,S:\PA_VA_Data\Digitize\1861TIGER\TIGERedits.shp,RAILRDL020,-1,-1;RROWNER1 RROWNER1 true false false 85 Text 0 0 ,First,#,S:\PA_VA_Data\Digitize\1861TIGER\TIGERedits.shp,RROWNER1,-1,-1,S:\PA_VA_Data\Digitize\1861TIGER\add2.shp,RROWNER1,-1,-1;RROWNER2 RROWNER2 true false false 85 Text 0 0 ,First,#,S:\PA_VA_Data\Digitize\1861TIGER\TIGERedits.shp,RROWNER2,-1,-1;RROWNER3 RROWNER3 true false false 85 Text 0 0 ,First,#,S:\PA_VA_Data\Digitize\1861TIGER\TIGERedits.shp,RROWNER3,-1,-1;MARK1 MARK1 true false false 4 Text 0 0 ,First,#,S:\PA_VA_Data\Digitize\1861TIGER\TIGERedits.shp,MARK1,-1,-1;MARK2 MARK2 true false false 4 Text 0 0 ,First,#,S:\PA_VA_Data\Digitize\1861TIGER\TIGERedits.shp,MARK2,-1,-1;MARK3 MARK3 true false false 4 Text 0 0 ,First,#,S:\PA_VA_Data\Digitize\1861TIGER\TIGERedits.shp,MARK3,-1,-1;NAME NAME true false false 50 Text 0 0 ,First,#,S:\PA_VA_Data\Digitize\1861TIGER\TIGERedits.shp,NAME,-1,-1,S:\PA_VA_Data\Digitize\1861TIGER\add2.shp,NAME,-1,-1;GAUGE_IN GAUGE_IN true false false 19 Double 11 18 ,First,#,S:\PA_VA_Data\Digitize\1861TIGER\TIGERedits.shp,GAUGE_IN,-1,-1,S:\PA_VA_Data\Digitize\1861TIGER\add2.shp,GAUGE_IN,-1,-1;STATE STATE true false false 50 Text 0 0 ,First,#,S:\PA_VA_Data\Digitize\1861TIGER\TIGERedits.shp,STATE,-1,-1,S:\PA_VA_Data\Digitize\1861TIGER\add2.shp,STATE,-1,-1;GAUGE_FT GAUGE_FT true false false 19 Double 11 18 ,First,#,S:\PA_VA_Data\Digitize\1861TIGER\TIGERedits.shp,GAUGE_FT,-1,-1,S:\PA_VA_Data\Digitize\1861TIGER\add2.shp,GAUGE_FT,-1,-1"</Process><Process Name="Intersect_2" ToolSource="C:\Program Files\ArcGIS\ArcToolbox\Toolboxes\Analysis Tools.tbx\Intersect" Date="20070118" Time="141004">Intersect "TIGERrr17jan07 '';States ''" S:\Railroads\TST_intline.shp ALL # LINE</Process><Process ToolSource="c:\program files\arcgis\desktop10.1\ArcToolbox\Toolboxes\Data Management Tools.tbx\Project" Date="20120926" Time="153519">Project RailLines_1845 W:\Rob\Railroads\RR1845WGS84.shp GEOGCS['GCS_WGS_1984',DATUM['D_WGS_1984',SPHEROID['WGS_1984',6378137.0,298.257223563]],PRIMEM['Greenwich',0.0],UNIT['Degree',0.0174532925199433],METADATA['World',-180.0,-90.0,180.0,90.0,0.0,0.0174532925199433,0.0,1262]] WGS_1984_(ITRF00)_To_NAD_1983 PROJCS['USA_Contiguous_Lambert_Conformal_Conic',GEOGCS['GCS_North_American_1983',DATUM['D_North_American_1983',SPHEROID['GRS_1980',6378137.0,298.257222101]],PRIMEM['Greenwich',0.0],UNIT['Degree',0.0174532925199433]],PROJECTION['Lambert_Conformal_Conic'],PARAMETER['False_Easting',0.0],PARAMETER['False_Northing',0.0],PARAMETER['Central_Meridian',-96.0],PARAMETER['Standard_Parallel_1',33.0],PARAMETER['Standard_Parallel_2',45.0],PARAMETER['Latitude_Of_Origin',39.0],UNIT['Meter',1.0]]</Process></lineage></DataProperties><SyncDate>20070511</SyncDate><SyncTime>16055300</SyncTime><ModDate>20070511</ModDate><ModTime>16055300</ModTime><ArcGISFormat>1.0</ArcGISFormat></Esri><idinfo><citation><citeinfo><onlink Sync="TRUE">\\UNL-DF9CBD05312\C$\Documents and Settings\LAB\Desktop\Kurt_GIS\IMS_FILES2\RailLines_1845</onlink><origin>REQUIRED: The name of an organization or individual that developed the data set.</origin><pubdate>REQUIRED: The date when the data set is published or otherwise made available for release.</pubdate><title Sync="TRUE">RailLines</title><ftname Sync="TRUE">RailLines</ftname><geoform Sync="TRUE">vector digital data</geoform></citeinfo></citation><native Sync="TRUE">Microsoft Windows XP Version 5.1 (Build 2600) Service Pack 2; ESRI ArcCatalog 9.1.0.722</native><descript><langdata Sync="TRUE">en</langdata><abstract>Line layer of Eastern U.S. railways in April 1, 1861</abstract><purpose>To determine and illustrate geographic connectivity at the onset of the Civil War</purpose></descript><timeperd><current>1861</current><timeinfo><sngdate><caldate>REQUIRED: The year (and optionally month, or month and day) for which the data set corresponds to the ground.</caldate></sngdate></timeinfo></timeperd><status><progress>Complete</progress><update>None planned</update></status><spdom><bounding><westbc Sync="TRUE">-97.314171</westbc><eastbc Sync="TRUE">-67.245799</eastbc><northbc Sync="TRUE">48.360402</northbc><southbc Sync="TRUE">26.200213</southbc></bounding><lboundng><leftbc Sync="TRUE">-98202.220367</leftbc><rightbc Sync="TRUE">2223222.090217</rightbc><bottombc Sync="TRUE">-1152226.634160</bottombc><topbc Sync="TRUE">1038971.512651</topbc></lboundng></spdom><keywords><theme><themekt>REQUIRED: Reference to a formally registered thesaurus or a similar authoritative source of theme keywords.</themekt><themekey>Civil War</themekey><themekey>Rail Network</themekey></theme></keywords><accconst>REQUIRED: Restrictions and legal prerequisites for accessing the data set.</accconst><useconst>REQUIRED: Restrictions and legal prerequisites for using the data set after access is granted.</useconst><natvform Sync="TRUE">Shapefile</natvform><ptcontac><cntinfo><cntorgp><cntorg>Center for Digital Research in the Humanities</cntorg></cntorgp><cntvoice>(402) 472-4547</cntvoice><cntemail>cdrh@unl.edu</cntemail></cntinfo></ptcontac></idinfo><distInfo><distributor><distorTran><onLineSrc><linkage Sync="TRUE">file://\\UNL-DF9CBD05312\C$\Documents and Settings\LAB\Desktop\Kurt_GIS\IMS_FILES2\RailLines_1845</linkage><protocol Sync="TRUE">Local Area Network</protocol><orDesc Sync="TRUE">002</orDesc></onLineSrc><transSize Sync="TRUE">1.770</transSize></distorTran><distorFormat><formatName Sync="TRUE">Shapefile</formatName></distorFormat></distributor></distInfo><dataqual><lineage><procstep><procdesc>Dataset created by selecting and labeling current TIGER rail lines in locations indicated on the book's maps.</procdesc><date Sync="TRUE">20070118</date><time Sync="TRUE">10351100</time></procstep><procstep><procdesc>Additional lines on the maps not present in the TIGER data were digitized in approximate map locations.</procdesc><srcused Sync="TRUE">S:\Railroads\TIGERrr18jan07intsct</srcused><date Sync="TRUE">20070511</date><time Sync="TRUE">14352300</time></procstep><srcinfo><srccite><citeinfo><origin>Taylor, G. R. and I.D. Neu</origin><pubdate>1956</pubdate><title>The American Railroad Network 1861 - 1890</title></citeinfo></srccite><srcscale>1:3,000,000</srcscale><typesrc>Map in book</typesrc></srcinfo><procstep><procdesc Sync="TRUE">Dataset copied.</procdesc><srcused Sync="TRUE">C:\Documents and Settings\LAB\Desktop\Kurt_GIS\IMS_FILES2\RailLines</srcused><date Sync="TRUE">20080127</date><time Sync="TRUE">12201300</time></procstep><procstep><procdesc Sync="TRUE">Dataset copied.</procdesc><srcused Sync="TRUE">C:\Documents and Settings\LAB\Desktop\Kurt_GIS\Kurt\ParcelBackupShp\RailLines_1850</srcused><date Sync="TRUE">20080127</date><time Sync="TRUE">12210000</time></procstep><procstep><procdesc Sync="TRUE">Dataset copied.</procdesc><srcused Sync="TRUE">C:\Documents and Settings\LAB\Desktop\Kurt_GIS\IMS_FILES2\RailLines_1850</srcused><date Sync="TRUE">20080224</date><time Sync="TRUE">14154600</time></procstep><procstep><procdesc Sync="TRUE">Dataset copied.</procdesc><srcused Sync="TRUE">C:\Documents and Settings\LAB\Desktop\Kurt_GIS\Kurt\ParcelBackupShp\RailLines_1850</srcused><date Sync="TRUE">20080307</date><time Sync="TRUE">13302400</time></procstep><procstep><procdesc Sync="TRUE">Dataset copied.</procdesc><srcused Sync="TRUE">C:\Documents and Settings\LAB\Desktop\Kurt_GIS\Kurt\ParcelBackupShp\RailLines_1845</srcused><date Sync="TRUE">20080307</date><time Sync="TRUE">13305400</time></procstep></lineage></dataqual><dataIdInfo><envirDesc Sync="TRUE">Microsoft Windows XP Version 5.1 (Build 2600) Service Pack 2; ESRI ArcCatalog 9.1.0.722</envirDesc><dataLang><languageCode Sync="TRUE" value="en"></languageCode></dataLang><idCitation><resTitle Sync="TRUE">RailLines</resTitle><presForm><PresFormCd Sync="TRUE" value="005"></PresFormCd></presForm></idCitation><spatRpType><SpatRepTypCd Sync="TRUE" value="001"></SpatRepTypCd></spatRpType><dataExt><geoEle><GeoBndBox esriExtentType="native"><westBL Sync="TRUE">-98202.220367</westBL><eastBL Sync="TRUE">2223222.090217</eastBL><northBL Sync="TRUE">1038971.512651</northBL><southBL Sync="TRUE">-1152226.63416</southBL><exTypeCode Sync="TRUE">1</exTypeCode></GeoBndBox></geoEle></dataExt><geoBox esriExtentType="decdegrees"><westBL Sync="TRUE">-97.314171</westBL><eastBL Sync="TRUE">-67.245799</eastBL><northBL Sync="TRUE">48.360402</northBL><southBL Sync="TRUE">26.200213</southBL><exTypeCode Sync="TRUE">1</exTypeCode></geoBox></dataIdInfo><metainfo><langmeta Sync="TRUE">en</langmeta><metstdn Sync="TRUE">FGDC Content Standards for Digital Geospatial Metadata</metstdn><metstdv Sync="TRUE">FGDC-STD-001-1998</metstdv><mettc Sync="TRUE">local time</mettc><metc><cntinfo><cntorgp><cntper>REQUIRED: The person responsible for the metadata information.</cntper><cntorg>REQUIRED: The organization responsible for the metadata information.</cntorg></cntorgp><cntaddr><addrtype>REQUIRED: The mailing and/or physical address for the organization or individual.</addrtype><city>REQUIRED: The city of the address.</city><state>REQUIRED: The state or province of the address.</state><postal>REQUIRED: The ZIP or other postal code of the address.</postal></cntaddr><cntvoice>REQUIRED: The telephone number by which individuals can speak to the organization or individual.</cntvoice></cntinfo></metc><metd Sync="TRUE">20070511</metd><metextns><onlink Sync="TRUE">http://www.esri.com/metadata/esriprof80.html</onlink><metprof Sync="TRUE">ESRI Metadata Profile</metprof></metextns></metainfo><mdLang><languageCode Sync="TRUE" value="en"></languageCode></mdLang><mdStanName Sync="TRUE">ISO 19115 Geographic Information - Metadata</mdStanName><mdStanVer Sync="TRUE">DIS_ESRI1.0</mdStanVer><mdChar><CharSetCd Sync="TRUE" value="004"></CharSetCd></mdChar><mdHrLv><ScopeCd Sync="TRUE" value="005"></ScopeCd></mdHrLv><mdHrLvName Sync="TRUE">dataset</mdHrLvName><distinfo><resdesc Sync="TRUE">Downloadable Data</resdesc><stdorder><digform><digtinfo><transize Sync="TRUE">1.770</transize><dssize Sync="TRUE">1.770</dssize></digtinfo></digform></stdorder></distinfo><spdoinfo><direct Sync="TRUE">Vector</direct><ptvctinf><esriterm Name="RailLines"><efeatyp Sync="TRUE">Simple</efeatyp><efeageom Sync="TRUE">Polyline</efeageom><esritopo Sync="TRUE">FALSE</esritopo><efeacnt Sync="TRUE">2067</efeacnt><spindex Sync="TRUE">TRUE</spindex><linrefer Sync="TRUE">FALSE</linrefer></esriterm><sdtsterm Name="RailLines"><sdtstype Sync="TRUE">String</sdtstype><ptvctcnt Sync="TRUE">2067</ptvctcnt></sdtsterm></ptvctinf></spdoinfo><spref><horizsys><cordsysn><geogcsn Sync="TRUE">GCS_North_American_1983</geogcsn><projcsn Sync="TRUE">USA_Contiguous_Lambert_Conformal_Conic</projcsn></cordsysn><planar><planci><plance Sync="TRUE">coordinate pair</plance><plandu Sync="TRUE">meters</plandu><coordrep><absres Sync="TRUE">0.004096</absres><ordres Sync="TRUE">0.004096</ordres></coordrep></planci><mapproj><mapprojn Sync="TRUE">Lambert Conformal Conic</mapprojn><lambertc><stdparll Sync="TRUE">33.000000</stdparll><stdparll Sync="TRUE">45.000000</stdparll><longcm Sync="TRUE">-96.000000</longcm><latprjo Sync="TRUE">39.000000</latprjo><feast Sync="TRUE">0.000000</feast><fnorth Sync="TRUE">0.000000</fnorth></lambertc></mapproj></planar><geodetic><horizdn Sync="TRUE">North American Datum of 1983</horizdn><ellips Sync="TRUE">Geodetic Reference System 80</ellips><semiaxis Sync="TRUE">6378137.000000</semiaxis><denflat Sync="TRUE">298.257222</denflat></geodetic></horizsys></spref><refSysInfo><RefSystem><refSysID><identCode Sync="TRUE">USA_Contiguous_Lambert_Conformal_Conic</identCode></refSysID></RefSystem></refSysInfo><spatRepInfo><VectSpatRep><topLvl><TopoLevCd Sync="TRUE" value="001"></TopoLevCd></topLvl><geometObjs Name="RailLines"><geoObjTyp><GeoObjTypCd Sync="TRUE" value="001"></GeoObjTypCd></geoObjTyp><geoObjCnt Sync="TRUE">2067</geoObjCnt></geometObjs></VectSpatRep></spatRepInfo><eainfo><detailed Name="RailLines"><enttyp><enttypl Sync="TRUE">RailLines</enttypl><enttypt Sync="TRUE">Feature Class</enttypt><enttypc Sync="TRUE">2067</enttypc></enttyp><attr><attrlabl Sync="TRUE">FID</attrlabl><attalias Sync="TRUE">FID</attalias><attrtype Sync="TRUE">OID</attrtype><attwidth Sync="TRUE">4</attwidth><atprecis Sync="TRUE">0</atprecis><attscale Sync="TRUE">0</attscale><attrdef Sync="TRUE">Internal feature number.</attrdef><attrdefs Sync="TRUE">ESRI</attrdefs><attrdomv><udom Sync="TRUE">Sequential unique whole numbers that are automatically generated.</udom></attrdomv></attr><attr><attrlabl Sync="TRUE">Shape</attrlabl><attalias Sync="TRUE">Shape</attalias><attrtype Sync="TRUE">Geometry</attrtype><attwidth Sync="TRUE">0</attwidth><atprecis Sync="TRUE">0</atprecis><attscale Sync="TRUE">0</attscale><attrdef Sync="TRUE">Feature geometry.</attrdef><attrdefs Sync="TRUE">ESRI</attrdefs><attrdomv><udom Sync="TRUE">Coordinates defining the features.</udom></attrdomv></attr><attr><attrlabl Sync="TRUE">FID_TIGERr</attrlabl><attalias Sync="TRUE">FID_TIGERr</attalias><attrtype Sync="TRUE">Number</attrtype><attwidth Sync="TRUE">9</attwidth></attr><attr><attrlabl Sync="TRUE">FNODE_</attrlabl><attalias Sync="TRUE">FNODE_</attalias><attrtype Sync="TRUE">Number</attrtype><attwidth Sync="TRUE">9</attwidth></attr><attr><attrlabl Sync="TRUE">TNODE_</attrlabl><attalias Sync="TRUE">TNODE_</attalias><attrtype Sync="TRUE">Number</attrtype><attwidth Sync="TRUE">9</attwidth></attr><attr><attrlabl Sync="TRUE">LENGTH</attrlabl><attalias Sync="TRUE">LENGTH</attalias><attrtype Sync="TRUE">Number</attrtype><attwidth Sync="TRUE">19</attwidth><atnumdec Sync="TRUE">11</atnumdec></attr><attr><attrlabl Sync="TRUE">RAILRDL020</attrlabl><attalias Sync="TRUE">RAILRDL020</attalias><attrtype Sync="TRUE">Number</attrtype><attwidth Sync="TRUE">9</attwidth></attr><attr><attrlabl Sync="TRUE">RROWNER1</attrlabl><attalias Sync="TRUE">RROWNER1</attalias><attrtype Sync="TRUE">String</attrtype><attwidth Sync="TRUE">85</attwidth></attr><attr><attrlabl Sync="TRUE">RROWNER2</attrlabl><attalias Sync="TRUE">RROWNER2</attalias><attrtype Sync="TRUE">String</attrtype><attwidth Sync="TRUE">85</attwidth></attr><attr><attrlabl Sync="TRUE">RROWNER3</attrlabl><attalias Sync="TRUE">RROWNER3</attalias><attrtype Sync="TRUE">String</attrtype><attwidth Sync="TRUE">85</attwidth></attr><attr><attrlabl Sync="TRUE">MARK1</attrlabl><attalias Sync="TRUE">MARK1</attalias><attrtype Sync="TRUE">String</attrtype><attwidth Sync="TRUE">4</attwidth></attr><attr><attrlabl Sync="TRUE">MARK2</attrlabl><attalias Sync="TRUE">MARK2</attalias><attrtype Sync="TRUE">String</attrtype><attwidth Sync="TRUE">4</attwidth></attr><attr><attrlabl Sync="TRUE">MARK3</attrlabl><attalias Sync="TRUE">MARK3</attalias><attrtype Sync="TRUE">String</attrtype><attwidth Sync="TRUE">4</attwidth></attr><attr><attrlabl Sync="TRUE">NAME</attrlabl><attalias Sync="TRUE">NAME</attalias><attrtype Sync="TRUE">String</attrtype><attwidth Sync="TRUE">50</attwidth></attr><attr><attrlabl Sync="TRUE">GAUGE_IN</attrlabl><attalias Sync="TRUE">GAUGE_IN</attalias><attrtype Sync="TRUE">Number</attrtype><attwidth Sync="TRUE">19</attwidth><atnumdec Sync="TRUE">11</atnumdec></attr><attr><attrlabl Sync="TRUE">STATE</attrlabl><attalias Sync="TRUE">STATE</attalias><attrtype Sync="TRUE">String</attrtype><attwidth Sync="TRUE">50</attwidth></attr><attr><attrlabl Sync="TRUE">GAUGE_FT</attrlabl><attalias Sync="TRUE">GAUGE_FT</attalias><attrtype Sync="TRUE">Number</attrtype><attwidth Sync="TRUE">19</attwidth><atnumdec Sync="TRUE">11</atnumdec></attr><attr><attrlabl Sync="TRUE">FID_Base_M</attrlabl><attalias Sync="TRUE">FID_Base_M</attalias><attrtype Sync="TRUE">Number</attrtype><attwidth Sync="TRUE">9</attwidth></attr><attr><attrlabl Sync="TRUE">AREA</attrlabl><attalias Sync="TRUE">AREA</attalias><attrtype Sync="TRUE">Number</attrtype><attwidth Sync="TRUE">19</attwidth><atnumdec Sync="TRUE">5</atnumdec></attr><attr><attrlabl Sync="TRUE">PERIMETER</attrlabl><attalias Sync="TRUE">PERIMETER</attalias><attrtype Sync="TRUE">Number</attrtype><attwidth Sync="TRUE">19</attwidth><atnumdec Sync="TRUE">5</atnumdec></attr><attr><attrlabl Sync="TRUE">ST99_D00_</attrlabl><attalias Sync="TRUE">ST99_D00_</attalias><attrtype Sync="TRUE">Number</attrtype><attwidth Sync="TRUE">11</attwidth></attr><attr><attrlabl Sync="TRUE">ST99_D00_I</attrlabl><attalias Sync="TRUE">ST99_D00_I</attalias><attrtype Sync="TRUE">Number</attrtype><attwidth Sync="TRUE">11</attwidth></attr><attr><attrlabl Sync="TRUE">STATE_1</attrlabl><attalias Sync="TRUE">STATE_1</attalias><attrtype Sync="TRUE">String</attrtype><attwidth Sync="TRUE">2</attwidth></attr><attr><attrlabl Sync="TRUE">NAME_1</attrlabl><attalias Sync="TRUE">NAME_1</attalias><attrtype Sync="TRUE">String</attrtype><attwidth Sync="TRUE">90</attwidth></attr><attr><attrlabl Sync="TRUE">LSAD</attrlabl><attalias Sync="TRUE">LSAD</attalias><attrtype Sync="TRUE">String</attrtype><attwidth Sync="TRUE">2</attwidth></attr><attr><attrlabl Sync="TRUE">REGION</attrlabl><attalias Sync="TRUE">REGION</attalias><attrtype Sync="TRUE">String</attrtype><attwidth Sync="TRUE">1</attwidth></attr><attr><attrlabl Sync="TRUE">DIVISION</attrlabl><attalias Sync="TRUE">DIVISION</attalias><attrtype Sync="TRUE">String</attrtype><attwidth Sync="TRUE">1</attwidth></attr><attr><attrlabl Sync="TRUE">LSAD_TRANS</attrlabl><attalias Sync="TRUE">LSAD_TRANS</attalias><attrtype Sync="TRUE">String</attrtype><attwidth Sync="TRUE">50</attwidth></attr><attr><attrlabl Sync="TRUE">GAUGE</attrlabl><attalias Sync="TRUE">GAUGE</attalias><attrtype Sync="TRUE">String</attrtype><attwidth Sync="TRUE">15</attwidth></attr></detailed></eainfo><mdDateSt Sync="TRUE">20070511</mdDateSt></metadata>
